{
    "i": "CRO_USDT",
    "b": 0.20958,
    "k": 0.2096,
    "a": 0.20959,
    "t": 1618806048572,
    "v": 68294136.567,
    "h": 0.21087,
    "l": 0.18868,
    "c": 0.00792
}